{"cameraMode":{"drawMode":0,"name":"Shaded","section":"Shading Mode"},"sceneLighting":true,"audioPlay":false,"sceneViewState":{"m_AlwaysRefresh":false,"showFog":true,"showSkybox":true,"showFlares":true,"showImageEffects":true,"showParticleSystems":true,"showVisualEffectGraphs":true,"m_FxEnabled":true},"in2DMode":false,"pivot":{"x":3.238485336303711,"y":-0.00001239776611328125,"z":-2.565225601196289},"rotation":{"x":-0.06233831122517586,"y":0.9365397691726685,"z":-0.21909651160240174,"w":-0.26646825671195986},"size":21.133766174316408,"orthographic":false}