{"cameraMode":{"drawMode":0,"name":"Shaded","section":"Shading Mode"},"sceneLighting":false,"audioPlay":false,"sceneViewState":{"m_AlwaysRefresh":false,"showFog":true,"showSkybox":false,"showFlares":true,"showImageEffects":true,"showParticleSystems":true,"showVisualEffectGraphs":true,"m_FxEnabled":true},"in2DMode":false,"pivot":{"x":3.238483428955078,"y":-0.00001239776611328125,"z":-2.5652246475219728},"rotation":{"x":-0.27764931321144106,"y":0.5834468007087708,"z":-0.22179970145225526,"w":-0.7302576303482056},"size":63.885589599609378,"orthographic":false}